pixel,percent
0,72
1,72
2,72.1
3,72.2
4,72.2
5,72.3
6,72.3
7,72.4
8,72.4
9,72.5
10,72.6
11,72.6
12,72.7
13,72.7
14,72.8
15,72.8
16,72.9
17,72.9
18,73
19,73
20,73.1
21,73.1
22,73.2
23,73.2
24,73.2
25,73.3
26,73.3
27,73.4
28,73.4
29,73.5
30,73.5
31,73.5
32,73.6
33,73.6
34,73.7
35,73.7
36,73.7
37,73.8
38,73.8
39,73.9
40,73.9
41,73.9
42,74
43,74
44,74.1
45,74.1
46,74.1
47,74.2
48,74.2
49,74.2
50,74.3
51,74.3
52,74.4
53,74.4
54,74.4
55,74.5
56,74.5
57,74.5
58,74.6
59,74.6
60,74.6
61,74.7
62,74.7
63,74.8
64,74.8
65,74.8
66,74.9
67,74.9
68,74.9
69,75
70,75
71,75
72,75.1
73,75.1
74,75.2
75,75.2
76,75.2
77,75.3
78,75.3
79,75.3
80,75.4
81,75.4
82,75.5
83,75.5
84,75.5
85,75.6
86,75.6
87,75.6
88,75.7
89,75.7
90,75.8
91,75.8
92,75.8
93,75.9
94,75.9
95,76
96,76
97,76
98,76.1
99,76.1
100,76.2
101,76.2
102,76.2
103,76.3
104,76.3
105,76.4
106,76.4
107,76.5
108,76.5
109,76.5
110,76.6
111,76.6
112,76.7
113,76.7
114,76.8
115,76.8
116,76.9
117,76.9
118,76.9
119,77
120,77
121,77.1
122,77.1
123,77.2
124,77.2
125,77.3
126,77.3
127,77.4
128,77.4
129,77.5
130,77.5
131,77.6
132,77.6
133,77.7
134,77.7
135,77.8
136,77.8
137,77.9
138,77.9
139,78
140,78
141,78.1
142,78.1
143,78.2
144,78.2
145,78.3
146,78.3
147,78.4
148,78.4
149,78.5
150,78.6
151,78.6
152,78.7
153,78.7
154,78.8
155,78.8
156,78.9
157,78.9
158,79
159,79.1
160,79.1
161,79.2
162,79.2
163,79.3
164,79.3
165,79.4
166,79.5
167,79.5
168,79.6
169,79.6
170,79.7
171,79.8
172,79.8
173,79.9
174,79.9
175,80
176,80.1
177,80.1
178,80.2
179,80.2
180,80.3
181,80.4
182,80.4
183,80.5
184,80.6
185,80.6
186,80.7
187,80.7
188,80.8
189,80.9
190,80.9
191,81
192,81.1
193,81.1
194,81.2
195,81.3
196,81.3
197,81.4
198,81.5
199,81.5
200,81.6
201,81.6
202,81.7
203,81.8
204,81.8
205,81.9
206,82
207,82
208,82.1
209,82.2
210,82.2
211,82.3
212,82.4
213,82.4
214,82.5
215,82.6
216,82.6
217,82.7
218,82.8
219,82.8
220,82.9
221,83
222,83
223,83.1
224,83.2
225,83.2
226,83.3
227,83.4
228,83.5
229,83.5
230,83.6
231,83.7
232,83.7
233,83.8
234,83.9
235,83.9
236,84
237,84.1
238,84.1
239,84.2
240,84.3
241,84.3
242,84.4
243,84.5
244,84.5
245,84.6
246,84.7
247,84.7
248,84.8
249,84.9
250,84.9
251,85
252,85.1
253,85.2
254,85.2
255,85.3
256,85.4
257,85.4
258,85.5
259,85.6
260,85.6
261,85.7
262,85.8
263,85.8
264,85.9
265,86
266,86
267,86.1
268,86.2
269,86.2
270,86.3
271,86.4
272,86.4
273,86.5
274,86.6
275,86.6
276,86.7
277,86.7
278,86.8
279,86.9
280,86.9
281,87
282,87.1
283,87.1
284,87.2
285,87.3
286,87.3
287,87.4
288,87.5
289,87.5
290,87.6
291,87.6
292,87.7
293,87.8
294,87.8
295,87.9
296,88
297,88
298,88.1
299,88.1
300,88.2
301,88.3
302,88.3
303,88.4
304,88.4
305,88.5
306,88.6
307,88.6
308,88.7
309,88.7
310,88.8
311,88.9
312,88.9
313,89
314,89
315,89.1
316,89.1
317,89.2
318,89.3
319,89.3
320,89.4
321,89.4
322,89.5
323,89.5
324,89.6
325,89.6
326,89.7
327,89.7
328,89.8
329,89.9
330,89.9
331,90
332,90
333,90.1
334,90.1
335,90.2
336,90.2
337,90.3
338,90.3
339,90.4
340,90.4
341,90.5
342,90.5
343,90.6
344,90.6
345,90.7
346,90.7
347,90.7
348,90.8
349,90.8
350,90.9
351,90.9
352,91
353,91
354,91.1
355,91.1
356,91.1
357,91.2
358,91.2
359,91.3
360,91.3
361,91.4
362,91.4
363,91.4
364,91.5
365,91.5
366,91.6
367,91.6
368,91.6
369,91.7
370,91.7
371,91.8
372,91.8
373,91.8
374,91.9
375,91.9
376,91.9
377,92
378,92
379,92
380,92.1
381,92.1
382,92.1
383,92.2
384,92.2
385,92.2
386,92.3
387,92.3
388,92.3
389,92.3
390,92.4
391,92.4
392,92.4
393,92.5
394,92.5
395,92.5
396,92.5
397,92.6
398,92.6
399,92.6
400,92.6
401,92.7
402,92.7
403,92.7
404,92.7
405,92.8
406,92.8
407,92.8
408,92.8
409,92.8
410,92.9
411,92.9
412,92.9
413,92.9
414,92.9
415,93
416,93
417,93
418,93
419,93
420,93
421,93.1
422,93.1
423,93.1
424,93.1
425,93.1
426,93.1
427,93.1
428,93.1
429,93.1
430,93.2
431,93.2
432,93.2
433,93.2
434,93.2
435,93.2
436,93.2
437,93.2
438,93.2
439,93.2
440,93.2
441,93.2
442,93.2
443,93.2
444,93.3
445,93.3
446,93.3
447,93.3
448,93.3
449,93.3
450,93.3
451,93.3
452,93.3
453,93.3
454,93.3
455,93.3
456,93.3
457,93.2
458,93.2
459,93.2
460,93.2
461,93.2
462,93.2
463,93.2
464,93.2
465,93.2
466,93.2
467,93.2
468,93.2
469,93.2
470,93.2
471,93.2
472,93.1
473,93.1
474,93.1
475,93.1
476,93.1
477,93.1
478,93.1
479,93.1
480,93
481,93
482,93
483,93
484,93
485,93
486,92.9
487,92.9
488,92.9
489,92.9
490,92.9
491,92.9
492,92.8
493,92.8
494,92.8
495,92.8
496,92.7
497,92.7
498,92.7
499,92.7
500,92.7
501,92.6
502,92.6
503,92.6
504,92.6
505,92.5
506,92.5
507,92.5
508,92.4
509,92.4
510,92.4
511,92.4
512,92.3
513,92.3
514,92.3
515,92.2
516,92.2
517,92.2
518,92.1
519,92.1
520,92.1
521,92
522,92
523,92
524,91.9
525,91.9
526,91.9
527,91.8
528,91.8
529,91.8
530,91.7
531,91.7
532,91.6
533,91.6
534,91.6
535,91.5
536,91.5
537,91.4
538,91.4
539,91.4
540,91.3
541,91.3
542,91.2
543,91.2
544,91.1
545,91.1
546,91
547,91
548,91
549,90.9
550,90.9
551,90.8
552,90.8
553,90.7
554,90.7
555,90.6
556,90.6
557,90.5
558,90.5
559,90.4
560,90.4
561,90.3
562,90.3
563,90.2
564,90.2
565,90.1
566,90.1
567,90
568,90
569,89.9
570,89.8
571,89.8
572,89.7
573,89.7
574,89.6
575,89.6
576,89.5
577,89.5
578,89.4
579,89.3
580,89.3
581,89.2
582,89.2
583,89.1
584,89
585,89
586,88.9
587,88.9
588,88.8
589,88.7
590,88.7
591,88.6
592,88.6
593,88.5
594,88.4
595,88.4
596,88.3
597,88.2
598,88.2
599,88.1
600,88
601,88
602,87.9
603,87.8
604,87.8
605,87.7
606,87.6
607,87.6
608,87.5
609,87.4
610,87.4
611,87.3
612,87.2
613,87.2
614,87.1
615,87
616,87
617,86.9
618,86.8
619,86.7
620,86.7
621,86.6
622,86.5
623,86.5
624,86.4
625,86.3
626,86.2
627,86.2
628,86.1
629,86
630,85.9
631,85.9
632,85.8
633,85.7
634,85.6
635,85.6
636,85.5
637,85.4
638,85.3
639,85.3
640,85.2
641,85.1
642,85
643,85
644,84.9
645,84.8
646,84.7
647,84.6
648,84.6
649,84.5
650,84.4
651,84.3
652,84.2
653,84.2
654,84.1
655,84
656,83.9
657,83.8
658,83.8
659,83.7
660,83.6
661,83.5
662,83.4
663,83.3
664,83.3
665,83.2
666,83.1
667,83
668,82.9
669,82.9
670,82.8
671,82.7
672,82.6
673,82.5
674,82.4
675,82.3
676,82.3
677,82.2
678,82.1
679,82
680,81.9
681,81.8
682,81.7
683,81.7
684,81.6
685,81.5
686,81.4
687,81.3
688,81.2
689,81.1
690,81.1
691,81
692,80.9
693,80.8
694,80.7
695,80.6
696,80.5
697,80.4
698,80.4
699,80.3
700,80.2
701,80.1
702,80
703,79.9
704,79.8
705,79.7
706,79.6
707,79.6
708,79.5
709,79.4
710,79.3
711,79.2
712,79.1
713,79
714,78.9
715,78.8
716,78.7
717,78.7
718,78.6
719,78.5
720,78.4
721,78.3
722,78.2
723,78.1
724,78
725,77.9
726,77.8
727,77.7
728,77.7
729,77.6
730,77.5
731,77.4
732,77.3
733,77.2
734,77.1
735,77
736,76.9
737,76.8
738,76.7
739,76.6
740,76.6
741,76.5
742,76.4
743,76.3
744,76.2
745,76.1
746,76
747,75.9
748,75.8
749,75.7
750,75.6
751,75.5
752,75.4
753,75.3
754,75.3
755,75.2
756,75.1
757,75
758,74.9
759,74.8
760,74.7
761,74.6
762,74.5
763,74.4
764,74.3
765,74.2
766,74.1
767,74
768,74
769,73.9
770,73.8
771,73.7
772,73.6
773,73.5
774,73.4
775,73.3
776,73.2
777,73.1
778,73
779,72.9
780,72.8
781,72.7
782,72.6
783,72.6
784,72.5
785,72.4
786,72.3
787,72.2
788,72.1
789,72
790,71.9
791,71.8
792,71.7
793,71.6
794,71.5
795,71.4
796,71.3
797,71.3
798,71.2
799,71.1
800,71
801,70.9
802,70.8
803,70.7
804,70.6
805,70.5
806,70.4
807,70.3
808,70.2
809,70.1
810,70.1
811,70
812,69.9
813,69.8
814,69.7
815,69.6
816,69.5
817,69.4
818,69.3
819,69.2
820,69.1
821,69
822,69
823,68.9
824,68.8
825,68.7
826,68.6
827,68.5
828,68.4
829,68.3
830,68.2
831,68.1
832,68
833,67.9
834,67.9
835,67.8
836,67.7
837,67.6
838,67.5
839,67.4
840,67.3
841,67.2
842,67.1
843,67
844,67
845,66.9
846,66.8
847,66.7
848,66.6
849,66.5
850,66.4
851,66.3
852,66.2
853,66.2
854,66.1
855,66
856,65.9
857,65.8
858,65.7
859,65.6
860,65.5
861,65.4
862,65.4
863,65.3
864,65.2
865,65.1
866,65
867,64.9
868,64.8
869,64.7
870,64.7
871,64.6
872,64.5
873,64.4
874,64.3
875,64.2
876,64.1
877,64.1
878,64
879,63.9
880,63.8
881,63.7
882,63.6
883,63.5
884,63.5
885,63.4
886,63.3
887,63.2
888,63.1
889,63
890,62.9
891,62.9
892,62.8
893,62.7
894,62.6
895,62.5
896,62.4
897,62.4
898,62.3
899,62.2
900,62.1
901,62
902,61.9
903,61.9
904,61.8
905,61.7
906,61.6
907,61.5
908,61.5
909,61.4
910,61.3
911,61.2
912,61.1
913,61
914,61
915,60.9
916,60.8
917,60.7
918,60.6
919,60.6
920,60.5
921,60.4
922,60.3
923,60.2
924,60.2
925,60.1
926,60
927,59.9
928,59.8
929,59.8
930,59.7
931,59.6
932,59.5
933,59.4
934,59.4
935,59.3
936,59.2
937,59.1
938,59.1
939,59
940,58.9
941,58.8
942,58.8
943,58.7
944,58.6
945,58.5
946,58.4
947,58.4
948,58.3
949,58.2
950,58.1
951,58.1
952,58
953,57.9
954,57.8
955,57.8
956,57.7
957,57.6
958,57.5
959,57.5
960,57.4
961,57.3
962,57.2
963,57.2
964,57.1
965,57
966,57
967,56.9
968,56.8
969,56.7
970,56.7
971,56.6
972,56.5
973,56.4
974,56.4
975,56.3
976,56.2
977,56.2
978,56.1
979,56
980,55.9
981,55.9
982,55.8
983,55.7
984,55.7
985,55.6
986,55.5
987,55.5
988,55.4
989,55.3
990,55.2
991,55.2
992,55.1
993,55
994,55
995,54.9
996,54.8
997,54.8
998,54.7
999,54.6
1000,54.6
1001,54.5
1002,54.4
1003,54.4
1004,54.3
1005,54.2
1006,54.2
1007,54.1
1008,54
1009,54
1010,53.9
1011,53.8
1012,53.8
1013,53.7
1014,53.6
1015,53.6
1016,53.5
1017,53.4
1018,53.4
1019,53.3
1020,53.2
1021,53.2
1022,53.1
1023,53.1
1024,53
1025,52.9
1026,52.9
1027,52.8
1028,52.7
1029,52.7
1030,52.6
1031,52.6
1032,52.5
1033,52.4
1034,52.4
1035,52.3
1036,52.2
1037,52.2
1038,52.1
1039,52.1
1040,52
1041,51.9
1042,51.9
1043,51.8
1044,51.8
1045,51.7
1046,51.6
1047,51.6
1048,51.5
1049,51.5
1050,51.4
1051,51.3
1052,51.3
1053,51.2
1054,51.2
1055,51.1
1056,51
1057,51
1058,50.9
1059,50.9
1060,50.8
1061,50.7
1062,50.7
1063,50.6
1064,50.6
1065,50.5
1066,50.5
1067,50.4
1068,50.3
1069,50.3
1070,50.2
1071,50.2
1072,50.1
1073,50.1
1074,50
1075,49.9
1076,49.9
1077,49.8
1078,49.8
1079,49.7
1080,49.7
1081,49.6
1082,49.6
1083,49.5
1084,49.4
1085,49.4
1086,49.3
1087,49.3
1088,49.2
1089,49.2
1090,49.1
1091,49.1
1092,49
1093,49
1094,48.9
1095,48.9
1096,48.8
1097,48.7
1098,48.7
1099,48.6
1100,48.6
1101,48.5
1102,48.5
1103,48.4
1104,48.4
1105,48.3
1106,48.3
1107,48.2
1108,48.2
1109,48.1
1110,48.1
1111,48
1112,48
1113,47.9
1114,47.9
1115,47.8
1116,47.8
1117,47.7
1118,47.7
1119,47.6
1120,47.6
1121,47.5
1122,47.5
1123,47.4
1124,47.4
1125,47.3
1126,47.3
1127,47.2
1128,47.2
1129,47.1
1130,47.1
1131,47
1132,47
1133,46.9
1134,46.9
1135,46.8
1136,46.8
1137,46.7
1138,46.7
1139,46.6
1140,46.6
1141,46.5
1142,46.5
1143,46.4
1144,46.4
1145,46.3
1146,46.3
1147,46.2
1148,46.2
1149,46.2
1150,46.1
1151,46.1
1152,46
1153,46
1154,45.9
1155,45.9
1156,45.8
1157,45.8
1158,45.7
1159,45.7
1160,45.6
1161,45.6
1162,45.6
1163,45.5
1164,45.5
1165,45.4
1166,45.4
1167,45.3
1168,45.3
1169,45.2
1170,45.2
1171,45.1
1172,45.1
1173,45.1
1174,45
1175,45
1176,44.9
1177,44.9
1178,44.8
1179,44.8
1180,44.7
1181,44.7
1182,44.7
1183,44.6
1184,44.6
1185,44.5
1186,44.5
1187,44.4
1188,44.4
1189,44.4
1190,44.3
1191,44.3
1192,44.2
1193,44.2
1194,44.1
1195,44.1
1196,44
1197,44
1198,44
1199,43.9
1200,43.9
1201,43.8
1202,43.8
1203,43.8
1204,43.7
1205,43.7
1206,43.6
1207,43.6
1208,43.5
1209,43.5
1210,43.5
1211,43.4
1212,43.4
1213,43.3
1214,43.3
1215,43.2
1216,43.2
1217,43.2
1218,43.1
1219,43.1
1220,43
1221,43
1222,43
1223,42.9
1224,42.9
1225,42.8
1226,42.8
1227,42.8
1228,42.7
1229,42.7
1230,42.6
1231,42.6
1232,42.6
1233,42.5
1234,42.5
1235,42.4
1236,42.4
1237,42.4
1238,42.3
1239,42.3
1240,42.2
1241,42.2
1242,42.2
1243,42.1
1244,42.1
1245,42
1246,42
1247,42
1248,41.9
1249,41.9
1250,41.8
1251,41.8
1252,41.8
1253,41.7
1254,41.7
1255,41.6
1256,41.6
1257,41.6
1258,41.5
1259,41.5
1260,41.4
1261,41.4
1262,41.4
1263,41.3
1264,41.3
1265,41.2
1266,41.2
1267,41.2
1268,41.1
1269,41.1
1270,41.1
1271,41
1272,41
1273,40.9
1274,40.9
1275,40.9
1276,40.8
1277,40.8
1278,40.7
1279,40.7
1280,40.7
1281,40.6
1282,40.6
1283,40.6
1284,40.5
1285,40.5
1286,40.4
1287,40.4
1288,40.4
1289,40.3
1290,40.3
1291,40.2
1292,40.2
1293,40.2
1294,40.1
1295,40.1
1296,40.1
1297,40
1298,40
1299,39.9
1300,39.9
1301,39.9
1302,39.8
1303,39.8
1304,39.8
1305,39.7
1306,39.7
1307,39.6
1308,39.6
1309,39.6
1310,39.5
1311,39.5
1312,39.5
1313,39.4
1314,39.4
1315,39.3
1316,39.3
1317,39.3
1318,39.2
1319,39.2
1320,39.2
1321,39.1
1322,39.1
1323,39
1324,39
1325,39
1326,38.9
1327,38.9
1328,38.9
1329,38.8
1330,38.8
1331,38.7
1332,38.7
1333,38.7
1334,38.6
1335,38.6
1336,38.6
1337,38.5
1338,38.5
1339,38.4
1340,38.4
1341,38.4
1342,38.3
1343,38.3
1344,38.3
1345,38.2
1346,38.2
1347,38.1
1348,38.1
1349,38.1
1350,38
1351,38
1352,38
1353,37.9
1354,37.9
1355,37.8
1356,37.8
1357,37.8
1358,37.7
1359,37.7
1360,37.7
1361,37.6
1362,37.6
1363,37.6
1364,37.5
1365,37.5
1366,37.4
1367,37.4
1368,37.4
1369,37.3
1370,37.3
1371,37.3
1372,37.2
1373,37.2
1374,37.1
1375,37.1
1376,37.1
1377,37
1378,37
1379,37
1380,36.9
1381,36.9
1382,36.9
1383,36.8
1384,36.8
1385,36.7
1386,36.7
1387,36.7
1388,36.6
1389,36.6
1390,36.6
1391,36.5
1392,36.5
1393,36.4
1394,36.4
1395,36.4
1396,36.3
1397,36.3
1398,36.3
1399,36.2
1400,36.2
1401,36.1
1402,36.1
1403,36.1
1404,36
1405,36
1406,36
1407,35.9
1408,35.9
1409,35.9
1410,35.8
1411,35.8
1412,35.7
1413,35.7
1414,35.7
1415,35.6
1416,35.6
1417,35.6
1418,35.5
1419,35.5
1420,35.4
1421,35.4
1422,35.4
1423,35.3
1424,35.3
1425,35.3
1426,35.2
1427,35.2
1428,35.2
1429,35.1
1430,35.1
1431,35
1432,35
1433,35
1434,34.9
1435,34.9
1436,34.9
1437,34.8
1438,34.8
1439,34.7
1440,34.7
1441,34.7
1442,34.6
1443,34.6
1444,34.6
1445,34.5
1446,34.5
1447,34.4
1448,34.4
1449,34.4
1450,34.3
1451,34.3
1452,34.3
1453,34.2
1454,34.2
1455,34.2
1456,34.1
1457,34.1
1458,34
1459,34
1460,34
1461,33.9
1462,33.9
1463,33.9
1464,33.8
1465,33.8
1466,33.7
1467,33.7
1468,33.7
1469,33.6
1470,33.6
1471,33.6
1472,33.5
1473,33.5
1474,33.4
1475,33.4
1476,33.4
1477,33.3
1478,33.3
1479,33.3
1480,33.2
1481,33.2
1482,33.1
1483,33.1
1484,33.1
1485,33
1486,33
1487,33
1488,32.9
1489,32.9
1490,32.9
1491,32.8
1492,32.8
1493,32.7
1494,32.7
1495,32.7
1496,32.6
1497,32.6
1498,32.6
1499,32.5
1500,32.5
1501,32.4
1502,32.4
1503,32.4
1504,32.3
1505,32.3
1506,32.3
1507,32.2
1508,32.2
1509,32.1
1510,32.1
1511,32.1
1512,32
1513,32
1514,32
1515,31.9
1516,31.9
1517,31.9
1518,31.8
1519,31.8
1520,31.7
1521,31.7
1522,31.7
1523,31.6
1524,31.6
1525,31.6
1526,31.5
1527,31.5
1528,31.4
1529,31.4
1530,31.4
1531,31.3
1532,31.3
1533,31.3
1534,31.2
1535,31.2
1536,31.1
1537,31.1
1538,31.1
1539,31
1540,31
1541,31
1542,30.9
1543,30.9
1544,30.9
1545,30.8
1546,30.8
1547,30.7
1548,30.7
1549,30.7
1550,30.6
1551,30.6
1552,30.6
1553,30.5
1554,30.5
1555,30.4
1556,30.4
1557,30.4
1558,30.3
1559,30.3
1560,30.3
1561,30.2
1562,30.2
1563,30.2
1564,30.1
1565,30.1
1566,30
1567,30
1568,30
1569,29.9
1570,29.9
1571,29.9
1572,29.8
1573,29.8
1574,29.8
1575,29.7
1576,29.7
1577,29.6
1578,29.6
1579,29.6
1580,29.5
1581,29.5
1582,29.5
1583,29.4
1584,29.4
1585,29.4
1586,29.3
1587,29.3
1588,29.2
1589,29.2
1590,29.2
1591,29.1
1592,29.1
1593,29.1
1594,29
1595,29
1596,29
1597,28.9
1598,28.9
1599,28.8
1600,28.8
1601,28.8
1602,28.7
1603,28.7
1604,28.7
1605,28.6
1606,28.6
1607,28.6
1608,28.5
1609,28.5
1610,28.5
1611,28.4
1612,28.4
1613,28.3
1614,28.3
1615,28.3
1616,28.2
1617,28.2
1618,28.2
1619,28.1
1620,28.1
1621,28.1
1622,28
1623,28
1624,28
1625,27.9
1626,27.9
1627,27.8
1628,27.8
1629,27.8
1630,27.7
1631,27.7
1632,27.7
1633,27.6
1634,27.6
1635,27.6
1636,27.5
1637,27.5
1638,27.5
1639,27.4
1640,27.4
1641,27.4
1642,27.3
1643,27.3
1644,27.3
1645,27.2
1646,27.2
1647,27.2
1648,27.1
1649,27.1
1650,27
1651,27
1652,27
1653,26.9
1654,26.9
1655,26.9
1656,26.8
1657,26.8
1658,26.8
1659,26.7
1660,26.7
1661,26.7
1662,26.6
1663,26.6
1664,26.6
1665,26.5
1666,26.5
1667,26.5
1668,26.4
1669,26.4
1670,26.4
1671,26.3
1672,26.3
1673,26.3
1674,26.2
1675,26.2
1676,26.2
1677,26.1
1678,26.1
1679,26.1
1680,26
1681,26
1682,26
1683,25.9
1684,25.9
1685,25.9
1686,25.8
1687,25.8
1688,25.8
1689,25.7
1690,25.7
1691,25.7
1692,25.6
1693,25.6
1694,25.6
1695,25.5
1696,25.5
1697,25.5
1698,25.4
1699,25.4
1700,25.4
1701,25.3
1702,25.3
1703,25.3
1704,25.2
1705,25.2
1706,25.2
1707,25.2
1708,25.1
1709,25.1
1710,25.1
1711,25
1712,25
1713,25
1714,24.9
1715,24.9
1716,24.9
1717,24.8
1718,24.8
1719,24.8
1720,24.7
1721,24.7
1722,24.7
1723,24.6
1724,24.6
1725,24.6
1726,24.6
1727,24.5
1728,24.5
1729,24.5
1730,24.4
1731,24.4
1732,24.4
1733,24.3
1734,24.3
1735,24.3
1736,24.2
1737,24.2
1738,24.2
1739,24.2
1740,24.1
1741,24.1
1742,24.1
1743,24
1744,24
1745,24
1746,23.9
1747,23.9
1748,23.9
1749,23.9
1750,23.8
1751,23.8
1752,23.8
1753,23.7
1754,23.7
1755,23.7
1756,23.7
1757,23.6
1758,23.6
1759,23.6
1760,23.5
1761,23.5
1762,23.5
1763,23.4
1764,23.4
1765,23.4
1766,23.4
1767,23.3
1768,23.3
1769,23.3
1770,23.2
1771,23.2
1772,23.2
1773,23.2
1774,23.1
1775,23.1
1776,23.1
1777,23.1
1778,23
1779,23
1780,23
1781,22.9
1782,22.9
1783,22.9
1784,22.9
1785,22.8
1786,22.8
1787,22.8
1788,22.7
1789,22.7
1790,22.7
1791,22.7
1792,22.6
1793,22.6
1794,22.6
1795,22.6
1796,22.5
1797,22.5
1798,22.5
1799,22.4
1800,22.4
1801,22.4
1802,22.4
1803,22.3
1804,22.3
1805,22.3
1806,22.3
1807,22.2
1808,22.2
1809,22.2
1810,22.2
1811,22.1
1812,22.1
1813,22.1
1814,22.1
1815,22
1816,22
1817,22
1818,22
1819,21.9
1820,21.9
1821,21.9
1822,21.9
1823,21.8
1824,21.8
1825,21.8
1826,21.8
1827,21.7
1828,21.7
1829,21.7
1830,21.7
1831,21.6
1832,21.6
1833,21.6
1834,21.6
1835,21.5
1836,21.5
1837,21.5
1838,21.5
1839,21.4
1840,21.4
1841,21.4
1842,21.4
1843,21.3
1844,21.3
1845,21.3
1846,21.3
1847,21.2
1848,21.2
1849,21.2
1850,21.2
1851,21.1
1852,21.1
1853,21.1
1854,21.1
1855,21.1
1856,21
1857,21
1858,21
1859,21
1860,20.9
1861,20.9
1862,20.9
1863,20.9
1864,20.8
1865,20.8
1866,20.8
1867,20.8
1868,20.8
1869,20.7
1870,20.7
1871,20.7
1872,20.7
1873,20.6
1874,20.6
1875,20.6
1876,20.6
1877,20.6
1878,20.5
1879,20.5
1880,20.5
1881,20.5
1882,20.4
1883,20.4
1884,20.4
1885,20.4
1886,20.4
1887,20.3
1888,20.3
1889,20.3
1890,20.3
1891,20.3
1892,20.2
1893,20.2
1894,20.2
1895,20.2
1896,20.1
1897,20.1
1898,20.1
1899,20.1
1900,20.1
1901,20
1902,20
1903,20
1904,20
1905,20
1906,19.9
1907,19.9
1908,19.9
1909,19.9
1910,19.9
1911,19.8
1912,19.8
1913,19.8
1914,19.8
1915,19.8
1916,19.7
1917,19.7
1918,19.7
1919,19.7
1920,19.7
1921,19.6
1922,19.6
1923,19.6
1924,19.6
1925,19.6
1926,19.5
1927,19.5
1928,19.5
1929,19.5
1930,19.5
1931,19.4
1932,19.4
1933,19.4
1934,19.4
1935,19.4
1936,19.3
1937,19.3
1938,19.3
1939,19.3
1940,19.3
1941,19.3
1942,19.2
1943,19.2
1944,19.2
1945,19.2
1946,19.2
1947,19.1
1948,19.1
1949,19.1
1950,19.1
1951,19.1
1952,19.1
1953,19
1954,19
1955,19
1956,19
1957,19
1958,18.9
1959,18.9
1960,18.9
1961,18.9
1962,18.9
1963,18.9
1964,18.8
1965,18.8
1966,18.8
1967,18.8
1968,18.8
1969,18.7
1970,18.7
1971,18.7
1972,18.7
1973,18.7
1974,18.7
1975,18.6
1976,18.6
1977,18.6
1978,18.6
1979,18.6
1980,18.6
1981,18.5
1982,18.5
1983,18.5
1984,18.5
1985,18.5
1986,18.5
1987,18.4
1988,18.4
1989,18.4
1990,18.4
1991,18.4
1992,18.4
1993,18.3
1994,18.3
1995,18.3
1996,18.3
1997,18.3
1998,18.2
1999,18.2
2000,18.2
2001,18.2
2002,18.2
2003,18.2
2004,18.2
2005,18.1
2006,18.1
2007,18.1
2008,18.1
2009,18.1
2010,18.1
2011,18
2012,18
2013,18
2014,18
2015,18
2016,18
2017,17.9
2018,17.9
2019,17.9
2020,17.9
2021,17.9
2022,17.9
2023,17.8
2024,17.8
2025,17.8
2026,17.8
2027,17.8
2028,17.8
2029,17.7
2030,17.7
2031,17.7
2032,17.7
2033,17.7
2034,17.7
2035,17.6
2036,17.6
2037,17.6
2038,17.6
2039,17.6
2040,17.6
2041,17.6
2042,17.5
2043,17.5
2044,17.5
2045,17.5
2046,17.5
2047,17.5
2048,17.4
2049,17.4
2050,17.4
2051,17.4
2052,17.4
2053,17.4
2054,17.3
2055,17.3
2056,17.3
2057,17.3
2058,17.3
2059,17.3
2060,17.3
2061,17.2
2062,17.2
2063,17.2
2064,17.2
2065,17.2
2066,17.2
2067,17.1
2068,17.1
2069,17.1
2070,17.1
2071,17.1
2072,17.1
2073,17.1
2074,17
2075,17
2076,17
2077,17
2078,17
2079,17
2080,16.9
2081,16.9
2082,16.9
2083,16.9
2084,16.9
2085,16.9
2086,16.9
2087,16.8
2088,16.8
2089,16.8
2090,16.8
2091,16.8
2092,16.8
2093,16.7
2094,16.7
2095,16.7
2096,16.7
2097,16.7
2098,16.7
2099,16.7
2100,16.6
2101,16.6
2102,16.6
2103,16.6
2104,16.6
2105,16.6
2106,16.5
2107,16.5
2108,16.5
2109,16.5
2110,16.5
2111,16.5
2112,16.4
2113,16.4
2114,16.4
2115,16.4
2116,16.4
2117,16.4
2118,16.4
2119,16.3
2120,16.3
2121,16.3
2122,16.3
2123,16.3
2124,16.3
2125,16.2
2126,16.2
2127,16.2
2128,16.2
2129,16.2
2130,16.2
2131,16.1
2132,16.1
2133,16.1
2134,16.1
2135,16.1
2136,16.1
2137,16.1
2138,16
2139,16
2140,16
2141,16
2142,16
2143,16
2144,15.9
2145,15.9
2146,15.9
2147,15.9
2148,15.9
2149,15.9
2150,15.8
2151,15.8
2152,15.8
2153,15.8
2154,15.8
2155,15.8
2156,15.8
2157,15.7
2158,15.7
2159,15.7
2160,15.7
2161,15.7
2162,15.7
2163,15.6
2164,15.6
2165,15.6
2166,15.6
2167,15.6
2168,15.6
2169,15.5
2170,15.5
2171,15.5
2172,15.5
2173,15.5
2174,15.5
2175,15.4
2176,15.4
2177,15.4
2178,15.4
2179,15.4
2180,15.4
2181,15.3
2182,15.3
2183,15.3
2184,15.3
2185,15.3
2186,15.3
2187,15.2
2188,15.2
2189,15.2
2190,15.2
2191,15.2
2192,15.2
2193,15.1
2194,15.1
2195,15.1
2196,15.1
2197,15.1
2198,15.1
2199,15
2200,15
2201,15
2202,15
2203,15
2204,15
2205,14.9
2206,14.9
2207,14.9
2208,14.9
2209,14.9
2210,14.8
2211,14.8
2212,14.8
2213,14.8
2214,14.8
2215,14.8
2216,14.7
2217,14.7
2218,14.7
2219,14.7
2220,14.7
2221,14.7
2222,14.6
2223,14.6
2224,14.6
2225,14.6
2226,14.6
2227,14.6
2228,14.5
2229,14.5
2230,14.5
2231,14.5
2232,14.5
2233,14.4
2234,14.4
2235,14.4
2236,14.4
2237,14.4
2238,14.4
2239,14.3
2240,14.3
2241,14.3
2242,14.3
2243,14.3
2244,14.2
2245,14.2
2246,14.2
2247,14.2
2248,14.2
2249,14.2
2250,14.1
2251,14.1
2252,14.1
2253,14.1
2254,14.1
2255,14
2256,14
2257,14
2258,14
2259,14
2260,14
2261,13.9
2262,13.9
2263,13.9
2264,13.9
2265,13.9
2266,13.8
2267,13.8
2268,13.8
2269,13.8
2270,13.8
2271,13.7
2272,13.7
2273,13.7
2274,13.7
2275,13.7
2276,13.7
2277,13.6
2278,13.6
2279,13.6
2280,13.6
2281,13.6
2282,13.5
2283,13.5
2284,13.5
2285,13.5
2286,13.5
2287,13.4
2288,13.4
2289,13.4
2290,13.4
2291,13.4
2292,13.4
2293,13.3
2294,13.3
2295,13.3
2296,13.3
2297,13.3
2298,13.2
2299,13.2
2300,13.2
2301,13.2
2302,13.2
2303,13.1
2304,13.1
2305,13.1
2306,13.1
2307,13.1
2308,13
2309,13
2310,13
2311,13
2312,13
2313,12.9
2314,12.9
2315,12.9
2316,12.9
2317,12.9
2318,12.8
2319,12.8
2320,12.8
2321,12.8
2322,12.8
2323,12.8
2324,12.7
2325,12.7
2326,12.7
2327,12.7
2328,12.7
2329,12.6
2330,12.6
2331,12.6
2332,12.6
2333,12.6
2334,12.5
2335,12.5
2336,12.5
2337,12.5
2338,12.5
2339,12.4
2340,12.4
2341,12.4
2342,12.4
2343,12.4
2344,12.3
2345,12.3
2346,12.3
2347,12.3
2348,12.3
2349,12.2
2350,12.2
2351,12.2
2352,12.2
2353,12.2
2354,12.1
2355,12.1
2356,12.1
2357,12.1
2358,12.1
2359,12
2360,12
2361,12
2362,12
2363,12
2364,11.9
2365,11.9
2366,11.9
2367,11.9
2368,11.9
2369,11.8
2370,11.8
2371,11.8
2372,11.8
2373,11.8
2374,11.8
2375,11.7
2376,11.7
2377,11.7
2378,11.7
2379,11.7
2380,11.6
2381,11.6
2382,11.6
2383,11.6
2384,11.6
2385,11.5
2386,11.5
2387,11.5
2388,11.5
2389,11.5
2390,11.4
2391,11.4
2392,11.4
2393,11.4
2394,11.4
2395,11.3
2396,11.3
2397,11.3
2398,11.3
2399,11.3
2400,11.2
2401,11.2
2402,11.2
2403,11.2
2404,11.2
2405,11.1
2406,11.1
2407,11.1
2408,11.1
2409,11.1
2410,11.1
2411,11
2412,11
2413,11
2414,11
2415,11
2416,10.9
2417,10.9
2418,10.9
2419,10.9
2420,10.9
2421,10.8
2422,10.8
2423,10.8
2424,10.8
2425,10.8
2426,10.7
2427,10.7
2428,10.7
2429,10.7
2430,10.7
2431,10.7
2432,10.6
2433,10.6
2434,10.6
2435,10.6
2436,10.6
2437,10.5
2438,10.5
2439,10.5
2440,10.5
2441,10.5
2442,10.5
2443,10.4
2444,10.4
2445,10.4
2446,10.4
2447,10.4
2448,10.3
2449,10.3
2450,10.3
2451,10.3
2452,10.3
2453,10.3
2454,10.2
2455,10.2
2456,10.2
2457,10.2
2458,10.2
2459,10.1
2460,10.1
2461,10.1
2462,10.1
2463,10.1
2464,10.1
2465,10
2466,10
2467,10
2468,10
2469,10
2470,10
2471,9.9
2472,9.9
2473,9.9
2474,9.9
2475,9.9
2476,9.9
2477,9.8
2478,9.8
2479,9.8
2480,9.8
2481,9.8
2482,9.8
2483,9.7
2484,9.7
2485,9.7
2486,9.7
2487,9.7
2488,9.7
2489,9.6
2490,9.6
2491,9.6
2492,9.6
2493,9.6
2494,9.6
2495,9.5
2496,9.5
2497,9.5
2498,9.5
2499,9.5
2500,9.5
2501,9.4
2502,9.4
2503,9.4
2504,9.4
2505,9.4
2506,9.4
2507,9.4
2508,9.3
2509,9.3
2510,9.3
2511,9.3
2512,9.3
2513,9.3
2514,9.3
2515,9.2
2516,9.2
2517,9.2
2518,9.2
2519,9.2
2520,9.2
2521,9.1
2522,9.1
2523,9.1
2524,9.1
2525,9.1
2526,9.1
2527,9.1
2528,9
2529,9
2530,9
2531,9
2532,9
2533,9
2534,9
2535,8.9
2536,8.9
2537,8.9
2538,8.9
2539,8.9
2540,8.9
2541,8.9
2542,8.9
2543,8.8
2544,8.8
2545,8.8
2546,8.8
2547,8.8
2548,8.8
2549,8.8
2550,8.7
2551,8.7
2552,8.7
2553,8.7
2554,8.7
2555,8.7
2556,8.7
2557,8.7
2558,8.6
2559,8.6
2560,8.6
2561,8.6
2562,8.6
2563,8.6
2564,8.6
2565,8.6
2566,8.5
2567,8.5
2568,8.5
2569,8.5
2570,8.5
2571,8.5
2572,8.5
2573,8.5
2574,8.5
2575,8.4
2576,8.4
2577,8.4
2578,8.4
2579,8.4
2580,8.4
2581,8.4
2582,8.4
2583,8.4
2584,8.3
2585,8.3
2586,8.3
2587,8.3
2588,8.3
2589,8.3
2590,8.3
2591,8.3
2592,8.3
2593,8.2
2594,8.2
2595,8.2
2596,8.2
2597,8.2
2598,8.2
2599,8.2
2600,8.2
2601,8.2
2602,8.2
2603,8.1
2604,8.1
2605,8.1
2606,8.1
2607,8.1
2608,8.1
2609,8.1
2610,8.1
2611,8.1
2612,8.1
2613,8
2614,8
2615,8
2616,8
2617,8
2618,8
2619,8
2620,8
2621,8
2622,8
2623,8
2624,7.9
2625,7.9
2626,7.9
2627,7.9
2628,7.9
2629,7.9
2630,7.9
2631,7.9
2632,7.9
2633,7.9
2634,7.9
2635,7.8
2636,7.8
2637,7.8
2638,7.8
2639,7.8
2640,7.8
2641,7.8
2642,7.8
2643,7.8
2644,7.8
2645,7.8
2646,7.8
2647,7.7
2648,7.7
2649,7.7
2650,7.7
2651,7.7
2652,7.7
2653,7.7
2654,7.7
2655,7.7
2656,7.7
2657,7.7
2658,7.7
2659,7.7
2660,7.6
2661,7.6
2662,7.6
2663,7.6
2664,7.6
2665,7.6
2666,7.6
2667,7.6
2668,7.6
2669,7.6
2670,7.6
2671,7.6
2672,7.5
2673,7.5
2674,7.5
2675,7.5
2676,7.5
2677,7.5
2678,7.5
2679,7.5
2680,7.5
2681,7.5
2682,7.5
2683,7.5
2684,7.5
2685,7.5
2686,7.4
2687,7.4
2688,7.4
2689,7.4
2690,7.4
2691,7.4
2692,7.4
2693,7.4
2694,7.4
2695,7.4
2696,7.4
2697,7.4
2698,7.4
2699,7.3
2700,7.3
2701,7.3
2702,7.3
2703,7.3
2704,7.3
2705,7.3
2706,7.3
2707,7.3
2708,7.3
2709,7.3
2710,7.3
2711,7.2
2712,7.2
2713,7.2
2714,7.2
2715,7.2
2716,7.2
2717,7.2
2718,7.2
2719,7.2
2720,7.2
2721,7.2
2722,7.2
2723,7.2
2724,7.1
2725,7.1
2726,7.1
2727,7.1
2728,7.1
2729,7.1
2730,7.1
2731,7.1
2732,7.1
2733,7.1
2734,7.1
2735,7
2736,7
2737,7
2738,7
2739,7
2740,7
2741,7
2742,7
2743,7
2744,7
2745,7
2746,6.9
2747,6.9
2748,6.9
2749,6.9
2750,6.9
2751,6.9
2752,6.9
2753,6.9
2754,6.9
2755,6.9
2756,6.9
2757,6.8
2758,6.8
2759,6.8
2760,6.8
2761,6.8
2762,6.8
2763,6.8
2764,6.8
2765,6.8
2766,6.7
2767,6.7
2768,6.7
2769,6.7
2770,6.7
2771,6.7
2772,6.7
2773,6.7
2774,6.7
2775,6.6
2776,6.6
2777,6.6
2778,6.6
2779,6.6
2780,6.6
2781,6.6
2782,6.6
2783,6.6
2784,6.5
2785,6.5
2786,6.5
2787,6.5
2788,6.5
2789,6.5
2790,6.5
2791,6.5
2792,6.4
2793,6.4
2794,6.4
2795,6.4
2796,6.4
2797,6.4
2798,6.4
2799,6.4
2800,6.3
2801,6.3
2802,6.3
2803,6.3
2804,6.3
2805,6.3
2806,6.3
2807,6.2
2808,6.2
2809,6.2
2810,6.2
2811,6.2
2812,6.2
2813,6.2
2814,6.1
2815,6.1
2816,6.1
2817,6.1
2818,6.1
2819,6.1
2820,6
2821,6
2822,6
2823,6
2824,6
2825,6
2826,6
2827,5.9
2828,5.9
2829,5.9
2830,5.9
2831,5.9
2832,5.9
2833,5.8
2834,5.8
2835,5.8
2836,5.8
2837,5.8
2838,5.8
2839,5.7
2840,5.7
2841,5.7
2842,5.7
2843,5.7
2844,5.7
2845,5.6
2846,5.6
2847,5.6
2848,5.6
2849,5.6
2850,5.5
2851,5.5
2852,5.5
2853,5.5
2854,5.5
2855,5.5
2856,5.4
2857,5.4
2858,5.4
2859,5.4
2860,5.4
2861,5.3
2862,5.3
2863,5.3
2864,5.3
2865,5.3
2866,5.2
2867,5.2
2868,5.2
2869,5.2
2870,5.2
2871,5.2
2872,5.1
2873,5.1
2874,5.1
2875,5.1
2876,5.1
2877,5
2878,5
2879,5
2880,5
2881,5
2882,4.9
2883,4.9
2884,4.9
2885,4.9
2886,4.9
2887,4.8
2888,4.8
2889,4.8
2890,4.8
2891,4.8
2892,4.7
2893,4.7
2894,4.7
2895,4.7
2896,4.7
2897,4.7
2898,4.6
2899,4.6
2900,4.6
2901,4.6
2902,4.6
2903,4.5
2904,4.5
2905,4.5
2906,4.5
2907,4.5
2908,4.4
2909,4.4
2910,4.4
2911,4.4
2912,4.4
2913,4.4
2914,4.3
2915,4.3
2916,4.3
2917,4.3
2918,4.3
2919,4.2
2920,4.2
2921,4.2
2922,4.2
2923,4.2
2924,4.2
2925,4.1
2926,4.1
2927,4.1
2928,4.1
2929,4.1
2930,4.1
2931,4.1
2932,4
2933,4
2934,4
2935,4
2936,4
2937,4
2938,4
2939,3.9
2940,3.9
2941,3.9
2942,3.9
2943,3.9
2944,3.9
2945,3.9
2946,3.9
2947,3.9
2948,3.8
2949,3.8
2950,3.8
2951,3.8
2952,3.8
2953,3.8
2954,3.8
2955,3.8
2956,3.8
2957,3.8
2958,3.8
2959,3.8
2960,3.8
2961,3.8
2962,3.8
2963,3.8
2964,3.7
2965,3.7
2966,3.7
2967,3.7
2968,3.7
2969,3.7
2970,3.7
2971,3.7
2972,3.7
2973,3.8
2974,3.8
2975,3.8
2976,3.8
2977,3.8
2978,3.8
2979,3.8
2980,3.8
2981,3.8
2982,3.8
2983,3.8
2984,3.8
2985,3.8
2986,3.9
2987,3.9
2988,3.9
2989,3.9
2990,3.9
2991,3.9
2992,3.9
2993,4
2994,4
2995,4
2996,4
2997,4
2998,4.1
2999,4.1
3000,4.1